property_id,suburb,address,property_type,bedrooms,bathrooms,parking,land_size_sqm,building_size_sqm,sold_price,sold_date,sale_method,agency,distance_to_station_km,description,source_site,listing_url,date_collected,notes
P001,Parramatta,28 Marsden Street,House,3,1,1,505.9,,1555000,02/05/2026,Auction,LJ Hooker Parramatta | Granville | Guildford | Merrylands,,"Positioned in an ultra-convenient location, this neat clad residence presents an exceptional opportunity…",domain.com.au,https://www.domain.com.au/28-marsden-street-parramatta-nsw-2150-2020744269,25/09/2026,
P002,Parramatta,1301/45 Macquarie Street,Apartment,1,1,1,,80,580000,09/06/2026,Private treaty,Ray White Parramatta/Oatlands/Northmead,,We've been overwhelmed by the amount of interest in similar properties…,domain.com.au,https://www.domain.com.au/1301-45-macquarie-street-parramatta-nsw-2150-2020738822,25/09/2026,Description is agency boilerplate text.
P003,Parramatta,127/3 Sorrell Street,Apartment,2,2,1,,130,764000,13/02/2026,Private treaty,McGrath Parramatta,,This stunning two bedroom apartment showcases the ultimate North East City views…,domain.com.au,https://www.domain.com.au/127-3-sorrell-street-parramatta-nsw-2150-2020502022,25/09/2026,
P004,Parramatta,2/16 Betts Street,Apartment,2,1,1,,91,660000,12/09/2026,Private treaty,Stone Real Estate Parramatta,,"Set within a tightly held block of only five residences, this stylishly updated…",domain.com.au,https://www.domain.com.au/2-16-betts-street-parramatta-nsw-2150-2021061263,25/09/2026,
P005,Parramatta,15/12 Early Street,Apartment,2,1,1,,92,493000,11/09/2026,Private treaty,Ray White Parramatta/Oatlands/Northmead,,We've been overwhelmed by the amount of interest in similar properties…,domain.com.au,https://www.domain.com.au/15-12-early-street-parramatta-nsw-2150-2020980997,25/09/2026,Description is agency boilerplate text.
P006,Parramatta,505/23 Hassall Street,Apartment,2,2,1,,122,660000,09/09/2026,Private treaty,Ray White Parramatta/Oatlands/Northmead,,We've been overwhelmed by the amount of interest in similar properties…,domain.com.au,https://www.domain.com.au/505-23-hassall-street-parramatta-nsw-2150-2020750030,25/09/2026,Description is agency boilerplate text.
P007,Parramatta,89/459-463 Church Street,Apartment,2,2,1,,136,580000,04/09/2026,Private treaty,Ray White Parramatta/Oatlands/Northmead,,We've been overwhelmed by the amount of interest in similar properties…,domain.com.au,https://www.domain.com.au/89-459-463-church-street-parramatta-nsw-2150-2020441602,25/09/2026,Description is agency boilerplate text.
P008,Parramatta,1702/45 Macquarie Street,Apartment,2,2,1,,,705000,04/09/2026,Private treaty,Ray White Parramatta/Oatlands/Northmead,,We've been overwhelmed by the amount of interest in similar properties…,domain.com.au,https://www.domain.com.au/1702-45-macquarie-street-parramatta-nsw-2150-2020659838,25/09/2026,Description is agency boilerplate text.
P009,Parramatta,9/178 George Street,Apartment,1,1,,,,490000,01/09/2026,Private treaty,Meriton Apartments- Residential,,This chic loft-style apartment in Meriton's sought-after Riva on George development…,domain.com.au,https://www.domain.com.au/9-178-george-street-parramatta-nsw-2150-2021070163,25/09/2026,
C001,Chatswood,602/856 Pacific Highway,Apartment,3,1,1,,,1100000,01/09/2026,Private treaty,Shead Property,,"Located in a central Chatswood setting, this sixth-floor apartment within the well-maintained Green Trees complex…",domain.com.au,https://www.domain.com.au/602-856-pacific-highway-chatswood-nsw-2067-2020822497,25/09/2026,
C002,Chatswood,24/35-43 Orchard Road,Apartment,1,1,1,,,858400,26/08/2026,,Belle Property North Shore,,Enjoying a quiet and elevated position within the highly sought-after Parkview Towers complex…,domain.com.au,https://www.domain.com.au/24-35-43-orchard-road-chatswood-nsw-2067-2021082799,25/09/2026,
C003,Chatswood,1/9-13 Church Street,Apartment,2,1,1,,,1016500,14/08/2026,,Raine & Horne Lower North Shore,,Stylish ground-floor apartment offering both space and the perfect location…,domain.com.au,https://www.domain.com.au/1-9-13-church-street-chatswood-nsw-2067-2021032297,25/09/2026,
C004,Chatswood,619/2a Help Street,Apartment,2,2,1,,117,1060000,07/08/2026,Private treaty,Century 21 Seiwa,,Secure a superbly positioned apartment offering exceptional value and lifestyle convenience…,domain.com.au,https://www.domain.com.au/619-2a-help-street-chatswood-nsw-2067-2020921653,25/09/2026,
C005,Chatswood,1/4 Sutherland Road,Townhouse,3,2,1,,,1460000,16/07/2026,Private treaty,Raine & Horne Carlingford / Epping,,"Positioned within an exclusive boutique complex of just four, this solid double brick townhouse…",domain.com.au,https://www.domain.com.au/1-4-sutherland-road-chatswood-nsw-2067-2020877709,25/09/2026,
C006,Chatswood,3/4 Sutherland Road,Townhouse,3,2,1,,,1520000,09/02/2026,Private treaty,Ray White AY Realty Chatswood,,"Freshly renovated to inspire a life of carefree excellence, this spacious dual level townhouse…",domain.com.au,https://www.domain.com.au/3-4-sutherland-road-chatswood-nsw-2067-2020509470,25/09/2026,
C007,Chatswood,16 Fontaine Street,House,4,2,3,576,,3300000,15/07/2026,Auction,Shead Property,,Classic character and exciting future potential come together in this double-brick home…,domain.com.au,https://www.domain.com.au/16-fontaine-street-chatswood-nsw-2067-2020926216,25/09/2026,
C008,Chatswood,5 Johnson Street,House,2,1,3,493,,2290000,02/07/2026,Private treaty,Ray White AY Realty Chatswood,,Take your place in one of Chatswood's most desired pockets…,domain.com.au,https://www.domain.com.au/5-johnson-street-chatswood-nsw-2067-2020902633,25/09/2026,
C009,Chatswood,5 Hopetoun Avenue,House,2,1,1,329,,2350000,01/07/2026,Auction,Belle Property North Shore,,Occupying approx. 329sqm on a cul-de-sac street in a sought-after eastern pocket…,domain.com.au,https://www.domain.com.au/5-hopetoun-avenue-chatswood-nsw-2067-2020877299,25/09/2026,Land 329 m2 taken from listing description.
C010,Chatswood,274 High Street,House,5,3,4,518,,3510000,30/06/2026,Private treaty,DiJones - Willoughby,,Perfectly positioned in one of Chatswood's most desirable and convenient locations…,domain.com.au,https://www.domain.com.au/274-high-street-chatswood-nsw-2067-2020911444,25/09/2026,
C011,Chatswood,8 Karana Place,House,4,2,2,,,2320000,23/06/2026,Private treaty,DiJones - Chatswood,,Nestled peacefully amid lush gardens with a stunning bushland reserve…,domain.com.au,https://www.domain.com.au/8-karana-place-chatswood-nsw-2067-2020823567,25/09/2026,House - land size not recorded on listing.
C012,Chatswood,31 Royal Street,House,5,3,1,,,4180000,05/05/2026,Private treaty,DiJones - Chatswood,,"An expression in refined luxury, this brand new freestanding home embodies sophistication…",domain.com.au,https://www.domain.com.au/31-royal-street-chatswood-nsw-2067-2020580692,25/09/2026,House - land size not recorded on listing.
C013,Chatswood,10 Ivy Street,House,5,3,2,665,400,4168000,23/03/2026,Private treaty,DiJones - Chatswood,,"Architect-designed and custom built, this immaculately renovated double-brick residence presents a refined statement…",domain.com.au,https://www.domain.com.au/10-ivy-street-chatswood-nsw-2067-2020581981,25/09/2026,
C014,Chatswood,112 Greville Street,House,3,2,2,443,,2530000,06/03/2026,,DiJones - Chatswood,,Discover an effortlessly stylish semi-detached home that marries classic charm with contemporary comforts…,domain.com.au,https://www.domain.com.au/112-greville-street-chatswood-nsw-2067-2020562017,25/09/2026,
C015,Chatswood,15 Royal Street,House,4,3,1,550,,3900000,20/02/2026,,DiJones - Chatswood,,Experience the blissful harmony of tranquil living meets unmatched convenience…,domain.com.au,https://www.domain.com.au/15-royal-street-chatswood-nsw-2067-2019456271,25/09/2026,
B001,Bondi,8/314 Bondi Road,Apartment,2,1,1,,,1800000,04/10/2025,Auction,PPD Real Estate,,Soak up the sunshine and secure your slice of Bondi paradise…,domain.com.au,https://www.domain.com.au/8-314-bondi-road-bondi-nsw-2026-2020265557,25/09/2026,
B002,Bondi,7/162 Bondi Road,Apartment,1,1,,,,650000,06/08/2026,Private treaty,Century 21 Bondi Junction,,"Perfectly positioned in the heart of Bondi, this renovated one-bedroom apartment…",domain.com.au,https://www.domain.com.au/7-162-bondi-road-bondi-nsw-2026-2021056607,25/09/2026,
B003,Bondi,1/13 Bennett Street,Apartment,2,1,1,,,1760000,08/09/2026,Auction,LJ Hooker Bondi Beach,,"Offering the scale, privacy and versatility of a semi, this oversized Art Deco residence…",domain.com.au,https://www.domain.com.au/1-13-bennett-street-bondi-nsw-2026-2021072983,25/09/2026,
B004,Bondi,6 Tasman Street,House,3,1,,,,4250000,14/10/2025,,PPD Real Estate,,"Classic at the front and contemporary at heart, 'Myall' blends Federation character…",domain.com.au,https://www.domain.com.au/6-tasman-street-bondi-nsw-2026-2020312414,25/09/2026,House - land size not recorded on listing.
B005,Bondi,3/38 Flood Street,Apartment,2,1,,,,1010000,06/08/2026,Auction,Raine & Horne Double Bay,,Quietly set to the rear of a secure Art Deco block of twelve…,domain.com.au,https://www.domain.com.au/3-38-flood-street-bondi-nsw-2026-2021020659,25/09/2026,
B006,Bondi,29/41-47 Ocean Street North,Apartment,2,1,1,,,1330000,06/07/2026,,Invest Realty,,"Positioned on the top floor of a secure, well-maintained complex…",domain.com.au,https://www.domain.com.au/29-41-47-ocean-street-north-bondi-nsw-2026-2020906830,25/09/2026,
B007,Bondi,7/17 Ocean Street North,Apartment,1,1,,,,946000,18/06/2026,Auction,Raine & Horne Double Bay,,"Impressive in scale and brimming with character, this beautifully presented apartment…",domain.com.au,https://www.domain.com.au/7-17-ocean-street-north-bondi-nsw-2026-2020888336,25/09/2026,
B008,Bondi,6 Miller Street,House,3,2,3,230,,3500000,15/08/2026,Auction,McGrath Double Bay,,Placed on a dual access block of approx. 230sqm amid leafy surrounds…,domain.com.au,https://www.domain.com.au/6-miller-street-bondi-nsw-2026-2021001846,25/09/2026,Land 230 m2 taken from listing description.
B009,Bondi,6101/32 Wellington Street,Apartment,1,1,,,,1280000,11/05/2026,,McGrath Double Bay,,"Placed among park like grounds, this fabulous apartment promises the finest standards…",domain.com.au,https://www.domain.com.au/6101-32-wellington-street-bondi-nsw-2026-2020778427,25/09/2026,
B010,Bondi,17/66 Penkivil Street,Apartment,2,1,1,,,1351000,29/10/2025,Private treaty,McGrath Double Bay,,Quietly nestled amongst the trees at the rear of a boutique building…,domain.com.au,https://www.domain.com.au/17-66-penkivil-street-bondi-nsw-2026-2020280438,25/09/2026,
B011,Bondi,12/15-17 Denham Street,Apartment,2,1,1,,,1368000,09/08/2025,Auction,McGrath Double Bay,,Brilliantly positioned on the north eastern corner of a boutique building…,domain.com.au,https://www.domain.com.au/12-15-17-denham-street-bondi-nsw-2026-2020119896,25/09/2026,
P010,Parramatta,1404/1-3 Valentine Avenue,Apartment,1,1,,,,320000,11/09/2026,Private treaty,Sydney Cove Property,,Presenting a fantastic opportunity to secure a set and forget investment with…,domain.com.au,https://www.domain.com.au/1404-1-3-valentine-avenue-parramatta-nsw-2150-2021149469,25/09/2026,Very low price - small investment/serviced apartment.
P011,Parramatta,8/64-66 Great Western Highway,Apartment,1,1,1,,,425000,04/09/2026,Private treaty,Ray White Parramatta/Oatlands/Northmead,,We've been overwhelmed by the amount of interest in similar properties…,domain.com.au,https://www.domain.com.au/8-64-66-great-western-highway-parramatta-nsw-2150-2021071261,25/09/2026,Description is agency boilerplate text.
P012,Parramatta,404/23 Hassall Street,Apartment,2,2,1,,124,680000,04/08/2026,Private treaty,Ray White Parramatta/Oatlands/Northmead,,We've been overwhelmed by the amount of interest in similar properties…,domain.com.au,https://www.domain.com.au/404-23-hassall-street-parramatta-nsw-2150-2020835264,25/09/2026,Description is agency boilerplate text.
P013,Parramatta,3001/11 Hassall St,Apartment,2,2,1,,,740000,02/08/2026,Private treaty,Sydney Sotheby's International Realty,,Situated in Sydney's second largest CBD: you will find this north-facing contemporary…,domain.com.au,https://www.domain.com.au/3001-11-hassall-st-parramatta-nsw-2150-2020891660,25/09/2026,
P014,Parramatta,6901/1A Morton Street,Apartment,2,2,1,,113,688000,31/07/2026,Private treaty,Ray White Parramatta/Oatlands/Northmead,,We've been overwhelmed by the amount of interest in similar properties…,domain.com.au,https://www.domain.com.au/6901-1a-morton-street-parramatta-nsw-2150-2021040081,25/09/2026,Description is agency boilerplate text.
P015,Parramatta,1/6 Sorrell St,Apartment,3,2,2,,157,805000,31/07/2026,Private treaty,Raine & Horne Carlingford / Epping,,"Positioned in one of Parramatta's most convenient lifestyle pockets, this…",domain.com.au,https://www.domain.com.au/1-6-sorrell-st-parramatta-nsw-2150-2021075068,25/09/2026,
P016,Parramatta,12/37 Fennell Street,Apartment,3,1,1,,,695000,31/07/2026,Private treaty,Belle Property Parramatta | Beecroft | Carlingford | Epping,,Positioned in one of Parramatta's most convenient and highly sought-after…,domain.com.au,https://www.domain.com.au/12-37-fennell-street-parramatta-nsw-2150-2020705495,25/09/2026,
P017,Parramatta,4/13 Henry Street,Apartment,2,1,1,,,580000,30/07/2026,Auction,Belle Property Parramatta | Beecroft | Carlingford | Epping,,Positioned in a quiet cul-de-sac within a tightly held full brick complex…,domain.com.au,https://www.domain.com.au/4-13-henry-street-parramatta-nsw-2150-2020955697,25/09/2026,
P018,Parramatta,1601/45 Macquarie Street,Apartment,1,1,1,,80,572000,29/07/2026,Private treaty,Ray White Parramatta/Oatlands/Northmead,,We've been overwhelmed by the amount of interest in similar properties…,domain.com.au,https://www.domain.com.au/1601-45-macquarie-street-parramatta-nsw-2150-2020632015,25/09/2026,Description is agency boilerplate text.
P019,Parramatta,34/105-107 Church Street,Apartment,2,2,1,,,625000,28/07/2026,Private treaty,Ray White Parramatta/Oatlands/Northmead,,We've been overwhelmed by the amount of interest in similar properties…,domain.com.au,https://www.domain.com.au/34-105-107-church-street-parramatta-nsw-2150-2020995456,25/09/2026,Description is agency boilerplate text.
P020,Parramatta,3/22-24 Thomas Street,Apartment,2,1,2,,122,667000,27/07/2026,Private treaty,Starr Partners Parramatta,,"Positioned in one of Parramatta's most tightly held riverside pockets, this beautifully…",domain.com.au,https://www.domain.com.au/3-22-24-thomas-street-parramatta-nsw-2150-2020980900,25/09/2026,
P021,Parramatta,1330K/2 Morton Street,Apartment,2,2,1,,,740000,25/07/2026,Auction,Ray White Parramatta/Oatlands/Northmead,,We've been overwhelmed by the amount of interest in similar properties…,domain.com.au,https://www.domain.com.au/1330k-2-morton-street-parramatta-nsw-2150-2020967484,25/09/2026,Floor area 12280 m2 removed - impossible for an apartment (likely whole-building or data-entry error). Description is agency boilerplate text.
P022,Parramatta,15/7-11 Elizabeth Street,Apartment,2,1,1,,112,650000,25/07/2026,Auction,McGrath Parramatta,,Privately positioned on the top floor of a tightly held Parramatta river…,domain.com.au,https://www.domain.com.au/15-7-11-elizabeth-street-parramatta-nsw-2150-2020959149,25/09/2026,
P023,Parramatta,108/125-129 Arthur Street,Apartment,2,1,1,,89,653000,21/08/2026,Private treaty,McGrath Parramatta,,"Fully Completed & Ready To Move In An attractive, boutique-scale development by…",domain.com.au,https://www.domain.com.au/108-125-129-arthur-street-parramatta-nsw-2150-2021092190,25/09/2026,
P024,Parramatta,219/88 Church Street,Apartment,1,1,1,,72,600000,21/08/2026,Private treaty,Ray White Parramatta/Oatlands/Northmead,,We've been overwhelmed by the amount of interest in similar properties…,domain.com.au,https://www.domain.com.au/219-88-church-street-parramatta-nsw-2150-2020908510,25/09/2026,Description is agency boilerplate text.
P025,Parramatta,41/3 Good Street,Apartment,2,2,1,,132,641000,21/08/2026,Private treaty,McGrath Parramatta,,"Positioned on the third floor of a secure and sought-after complex, this…",domain.com.au,https://www.domain.com.au/41-3-good-street-parramatta-nsw-2150-2020959193,25/09/2026,
P026,Parramatta,1502/88 Church Street,Apartment,2,2,1,,,800000,21/08/2026,Private treaty,Manor Real Estate,,"Perfectly positioned in the heart of Parramatta, this stylish two-bedroom, two-bathroom apartment…",domain.com.au,https://www.domain.com.au/1502-88-church-street-parramatta-nsw-2150-2020980839,25/09/2026,
P027,Parramatta,11/22-24 Tennyson Street,Apartment,2,2,1,,87,650000,17/08/2026,Private treaty,Laing & Simmons Parramatta Granville Oatlands Carlingford,,"Representing outstanding value, this huge third floor dual-key opportunity delivers the ultimate…",domain.com.au,https://www.domain.com.au/11-22-24-tennyson-street-parramatta-nsw-2150-2020720243,25/09/2026,
P028,Parramatta,721/1-3 Valentine Avenue,Apartment,0,1,,,,250000,17/08/2026,Private treaty,Thank You Real Estate,,Discover a brilliant investment opportunity strategically located in the heart of Parramatta…,domain.com.au,https://www.domain.com.au/721-1-3-valentine-avenue-parramatta-nsw-2150-2021079825,25/09/2026,Very low price - small investment/serviced apartment.
C016,Chatswood,54/1 Day Street,Apartment,2,2,1,,185,1928000,13/08/2026,Private treaty,Ray White AY Realty Chatswood,,"This stunning dual level penthouse in Mirvac's acclaimed 'Pacific Place', is a…",domain.com.au,https://www.domain.com.au/54-1-day-street-chatswood-nsw-2067-2019715688,25/09/2026,"Land 200 m2 removed - shared strata land, not owned by the apartment. Dual-level penthouse."
C017,Chatswood,1205/1 Cambridge Lane,Apartment,2,2,1,,,1951000,11/08/2026,Private treaty,Century 21 North Group,,"Experience the perfect blend of luxury, convenience and resort-style living in the…",domain.com.au,https://www.domain.com.au/1205-1-cambridge-lane-chatswood-nsw-2067-2020985005,25/09/2026,
C018,Chatswood,806/38C Albert Avenue,Apartment,3,2,2,,147,2200000,04/08/2026,Private treaty,Ray White AY Realty Chatswood,,"Elevated for an alluring and unrestricted outlook across the district, this superb…",domain.com.au,https://www.domain.com.au/806-38c-albert-avenue-chatswood-nsw-2067-2020728813,25/09/2026,"Land 857 m2 removed - shared strata land, not owned by the apartment."
C019,Chatswood,5/377 Mowbray Road,Apartment,2,2,2,,96,892500,24/07/2026,Private treaty,Ray White AY Realty Chatswood,,"Privately positioned at the peaceful rear of a boutique security complex, this…",domain.com.au,https://www.domain.com.au/5-377-mowbray-road-rear-of-block-chatswood-nsw-2067-2020944354,25/09/2026,
C020,Chatswood,8/236 Victoria Avenue,Apartment,3,2,2,,,1680000,17/07/2026,Private treaty,Ray White AY Realty Chatswood,,"Elevated on the top-floor corner of an exclusive boutique block of nine,…",domain.com.au,https://www.domain.com.au/8-236-victoria-avenue-chatswood-nsw-2067-2020774627,25/09/2026,
C021,Chatswood,2002/1 Cambridge Lane,Apartment,3,2,2,,194,2628000,15/07/2026,Private treaty,Ray White AY Realty Chatswood,,"Positioned high on the 20th floor of the prestigious Mirvac development 'Cambridge',…",domain.com.au,https://www.domain.com.au/2002-1-cambridge-lane-chatswood-nsw-2067-2020778330,25/09/2026,
C022,Chatswood,203/58 Hercules Street,Apartment,2,1,1,,,1515000,14/07/2026,Private treaty,Everest Realty Pty Ltd,,"Discover the epitome of modern living at this sleek 2-bedroom, 1-bathroom apartment…",domain.com.au,https://www.domain.com.au/203-58-hercules-street-chatswood-nsw-2067-2020767713,25/09/2026,
C023,Chatswood,8H/8-12 Sutherland Road,Apartment,1,1,1,,,745000,08/07/2026,,Shead Property,,"A versatile floor plan offers a stylish combined living and dining area,…",domain.com.au,https://www.domain.com.au/8h-8-12-sutherland-road-chatswood-nsw-2067-2020954395,25/09/2026,
C024,Chatswood,502/13 Oscar Street,Apartment,3,2,1,,,2450000,30/06/2026,Private treaty,Successful Properties Group,,"Perfectly positioned in the absolute heart of Chatswood, this exceptional residence delivers…",domain.com.au,https://www.domain.com.au/502-13-oscar-street-chatswood-nsw-2067-2020852608,25/09/2026,
C025,Chatswood,306/18 Freeman Road,Apartment,2,2,1,,,1300000,26/06/2026,Private treaty,Ray White AY Realty Chatswood,,"Quietly secluded on the 3rd floor of the exceptional security block, this…",domain.com.au,https://www.domain.com.au/306-18-freeman-road-chatswood-nsw-2067-2019398525,25/09/2026,
C026,Chatswood,40/18 Jacques Street,Apartment,2,2,2,,145,1575000,26/06/2026,,Ray White AY Realty Chatswood,,"Architecturally stunning with a distinctive house-like design, this extraordinary dual level residence…",domain.com.au,https://www.domain.com.au/40-18-jacques-street-chatswood-nsw-2067-2020902339,25/09/2026,"Land 627 m2 removed - shared strata land, not owned by the apartment."
C027,Chatswood,24/1-3 Eddy Road,Apartment,1,1,1,,,719000,22/06/2026,Private treaty,Ray White AY Realty Chatswood,,Nestled within a well-maintained security complex in one of Chatswood's most convenient…,domain.com.au,https://www.domain.com.au/24-1-3-eddy-road-chatswood-nsw-2067-2020960295,25/09/2026,Floor area 2219 m2 removed - impossible for an apartment (likely whole-building or data-entry error).
C028,Chatswood,1010/37 Victor Street,Apartment,1,1,1,,82,835000,22/06/2026,Private treaty,DiJones - Chatswood,,"Perfectly positioned within the sought-after ""The Sebel"" residence, this spacious north-facing one-bedroom…",domain.com.au,https://www.domain.com.au/1010-37-victor-street-chatswood-nsw-2067-2020902360,25/09/2026,
C029,Chatswood,909/2B Help Street,Apartment,1,1,1,,74,800000,19/06/2026,Private treaty,DiJones - Chatswood,,"Seize the opportunity to make this retreat your own, where modern style…",domain.com.au,https://www.domain.com.au/909-2b-help-street-chatswood-nsw-2067-2020767524,25/09/2026,
C030,Chatswood,4/892-900 Pacific Highway,Apartment,2,1,1,,,920000,17/06/2026,Private treaty,Ray White AY Realty Chatswood,,From its renovated interiors to its expansive design and unmatched convenience on…,domain.com.au,https://www.domain.com.au/4-892-900-pacific-highway-chatswood-nsw-2067-2020904294,25/09/2026,Floor area 1622 m2 removed - impossible for an apartment (likely whole-building or data-entry error).
B012,Bondi,6409/32 Wellington Street,Apartment,2,2,1,,,2005000,24/02/2026,Private treaty,McGrath Double Bay,,"Exhibiting a brilliance in premium design and craft, this serene apartment offers…",domain.com.au,https://www.domain.com.au/6409-32-wellington-street-bondi-nsw-2026-2020421466,25/09/2026,
B013,Bondi,2 Denham Street,House,4,3,3,283.7,,6308000,16/02/2026,,McGrath Double Bay,,"Perfectly poised between Bondi and Tamarama Beaches, this remarkable new home exhibits…",domain.com.au,https://www.domain.com.au/2-denham-street-bondi-nsw-2026-2020549529,25/09/2026,
B014,Bondi,23 Ocean Street North,House,3,2,,,,2500000,25/08/2025,,McGrath Double Bay,,"Imbued with character and radiating with natural light, this freestanding home elevates…",domain.com.au,https://www.domain.com.au/23-ocean-street-north-bondi-nsw-2026-2019805350,25/09/2026,House - land size not recorded on listing.
B015,Bondi,1 Miller Street,House,5,4,3,307,,5400000,12/08/2026,,Pillinger,,Magnificent beachside family home with designated yoga room offered for only the…,domain.com.au,https://www.domain.com.au/1-miller-street-bondi-nsw-2026-2021021796,25/09/2026,
B016,Bondi,38 Philip Street,House,3,2,,,,4260000,02/06/2026,Auction,Raine & Horne Double Bay,,"A striking coastal creation by renowned architect Tim Greer, this unique beachside…",domain.com.au,https://www.domain.com.au/38-philip-street-bondi-nsw-2026-2020814305,25/09/2026,House - land size not recorded on listing.
B017,Bondi,14 Anglesea Street,House,6,4,1,415,,5416000,19/05/2026,Auction,Raine & Horne Double Bay,,"Demonstrating an outstanding sense of tranquillity and relaxation, this stunning family home…",domain.com.au,https://www.domain.com.au/14-anglesea-street-bondi-nsw-2026-2020787322,25/09/2026,
B018,Bondi,76 Edward Street,House,3,2,1,,,4050000,14/05/2026,Auction,Ray White Double Bay,,"Capturing a breathtaking district panorama cascading to the ocean, this stunning north-facing…",domain.com.au,https://www.domain.com.au/76-edward-street-bondi-nsw-2026-2020771966,25/09/2026,House - land size not recorded on listing.
B019,Bondi,68 Anglesea Street,House,3,1,,291,,3260000,06/05/2026,Private treaty,PPD Real Estate,,"A contemporary take on Scandinavian design brings a sense of calm, warmth…",domain.com.au,https://www.domain.com.au/68-anglesea-street-bondi-nsw-2026-2020679809,25/09/2026,
B020,Bondi,5/9-11 Ocean Street North,Apartment,2,1,1,,,1445000,26/05/2026,Auction,LJ Hooker Bondi Beach,,"Sunlit interiors, an oversized layout and a wraparound balcony come together to…",domain.com.au,https://www.domain.com.au/5-9-11-ocean-street-north-bondi-nsw-2026-2020801473,25/09/2026,
B021,Bondi,3/10-12 Fletcher Street,Apartment,2,1,1,,,2000000,02/06/2026,Private treaty,Biller Property,,"Positioned in an elevated setting with sparkling ocean views, this apartment delivers…",domain.com.au,https://www.domain.com.au/3-10-12-fletcher-street-bondi-nsw-2026-2020842516,25/09/2026,
B022,Bondi,17/22-28 Wellington Street,Apartment,2,1,1,,,1520000,26/05/2026,,LJ Hooker Bondi Junction,,"Sun-soaked and superb, relaxed and convenient Bondi living is presented on a…",domain.com.au,https://www.domain.com.au/17-22-28-wellington-street-bondi-nsw-2026-2020767269,25/09/2026,
B023,Bondi,15/240-242 Bondi Road,Apartment,2,1,1,,,1450000,22/05/2026,Private treaty,LJ Hooker Bondi Beach,,Capturing expansive ocean and district views from its elevated fifth floor position…,domain.com.au,https://www.domain.com.au/15-240-242-bondi-road-bondi-nsw-2026-2020873708,25/09/2026,
B024,Bondi,3/8 Fletcher Street,Apartment,2,1,,,80,1425000,14/05/2026,Private treaty,Richardson & Wrench Bondi Beach,,"A radiant seaside gem in a prime near-beach setting, this semi-like two-bedroom…",domain.com.au,https://www.domain.com.au/3-8-fletcher-street-bondi-nsw-2026-2020768532,25/09/2026,
B025,Bondi,510/212-218 Bondi Road,Apartment,0,1,,,,595000,14/05/2026,Private treaty,The Agency,,"Positioned high in the heart of vibrant Bondi, this serene, light-filled studio…",domain.com.au,https://www.domain.com.au/510-212-218-bondi-road-bondi-nsw-2026-2020843452,25/09/2026,
B026,Bondi,6/195-199 Bondi Road,Apartment,2,1,,,,1000000,11/05/2026,Auction,Raine & Horne Double Bay,,Tucked away to the rear of a secure boutique block of eight…,domain.com.au,https://www.domain.com.au/6-195-199-bondi-road-bondi-nsw-2026-2020623459,25/09/2026,
B027,Bondi,13/164-166 Bondi Road,Apartment,0,1,1,,,713500,08/05/2026,Auction,Wolf Property Group,,"Set in the lively and highly desirable suburb of Bondi, this well-appointed…",domain.com.au,https://www.domain.com.au/13-164-166-bondi-road-bondi-nsw-2026-2020739852,25/09/2026,
B028,Bondi,1/104 Anglesea Street,Apartment,2,1,,,,1225000,07/05/2026,,Ray White Eastern Beaches,,"Blending timeless Art Deco character with lifestyle appeal, this boutique apartment presents…",domain.com.au,https://www.domain.com.au/1-104-anglesea-street-bondi-nsw-2026-2020795494,25/09/2026,
B029,Bondi,4/326 Bondi Road,Apartment,2,1,,,,1465000,05/05/2026,Private treaty,Ray White Eastern Beaches,,Set the scene for a relaxed beachside lifestyle just 500m from the…,domain.com.au,https://www.domain.com.au/4-326-bondi-road-bondi-nsw-2026-2020697314,25/09/2026,
P029,Parramatta,138 Railway St,Townhouse,2,1,1,,,685000,14/08/2026,Private treaty,Global Real Estate Pty Ltd,,Global real estate wentworthville offer you Two-bedroom townhouse Well located total 6…,domain.com.au,https://www.domain.com.au/138-railway-st-parramatta-nsw-2150-2021075447,25/09/2026,
P030,Parramatta,2/1-7 Bobart Street,Townhouse,2,1,1,251,,780000,12/08/2026,Auction,McGrath Parramatta,,Perfectly positioned on the fringe of Parramatta CBD in a boutique complex…,domain.com.au,https://www.domain.com.au/2-1-7-bobart-street-parramatta-nsw-2150-2021029064,25/09/2026,
P031,Parramatta,33 Rosehill St,House,4,1,1,691,,2080000,08/08/2026,Private treaty,Rana Property Group,,"An exceptional opportunity to renovate, invest, or redevelop (STCA). Whether you're looking…",domain.com.au,https://www.domain.com.au/33-rosehill-st-parramatta-nsw-2150-2020990997,25/09/2026,
P032,Parramatta,6/50 Morton Street,Townhouse,2,2,1,,,850000,07/07/2026,Private treaty,TAG RE,,"Step into this elegant 2-bedroom street-facing villa, perfectly positioned in one of…",domain.com.au,https://www.domain.com.au/6-50-morton-street-parramatta-nsw-2150-2020895238,25/09/2026,
P033,Parramatta,1/77-79 Thomas Street,Townhouse,4,2,2,284,,1300000,21/06/2026,Auction,Stone Real Estate Parramatta,,"Delivering the space and flexibility of a standalone home, this rare double…",domain.com.au,https://www.domain.com.au/1-77-79-thomas-street-parramatta-nsw-2150-2020871307,25/09/2026,
P034,Parramatta,124 Thomas Street,House,3,1,1,739,,2300000,27/06/2026,Private treaty,McGrath Parramatta (Team Aaron X Rowan),,Situated adjacent to Parramatta River and only moments' walk to Parramatta CBD…,domain.com.au,https://www.domain.com.au/124-thomas-street-parramatta-nsw-2150-2020502073,25/09/2026,
P035,Parramatta,39 Pitt Street,House,5,3,2,319.8,,1438888,27/05/2026,Auction,Uniland Real Estate | Epping & Castle Hill,,"Ideally positioned on Parramatta's tightly held city fringe, just moments from the…",domain.com.au,https://www.domain.com.au/39-pitt-street-parramatta-nsw-2150-2020824771,25/09/2026,
P036,Parramatta,11 Pemberton Street,House,3,1,1,461.6,,1610000,27/05/2026,Private treaty,Ray White Parramatta/Oatlands/Northmead,,We've been overwhelmed by the amount of interest in similar properties. If…,domain.com.au,https://www.domain.com.au/11-pemberton-street-parramatta-nsw-2150-2020721730,25/09/2026,Description is agency boilerplate text.
B030,Bondi,3/19 Imperial Avenue,Apartment,3,2,1,,,2500000,29/04/2026,,WHITEFOX Paddington,,"Transformed by a curated contemporary refurbishment, this north-facing semi-style apartment…",domain.com.au,https://www.domain.com.au/3-19-imperial-avenue-bondi-nsw-2026-2020731079,25/09/2026,
B031,Bondi,9/276 Birrell Street,Apartment,2,1,1,,,1500000,28/04/2026,Private treaty,Allan Dale Real Estate,,"Offered for the first time in over 50 years, this top-floor apartment…",domain.com.au,https://www.domain.com.au/9-276-birrell-street-bondi-nsw-2026-2020811573,25/09/2026,
B032,Bondi,17/64 Penkivil Street,Apartment,3,2,2,,,2200000,24/04/2026,Auction,Raine & Horne Double Bay,,"Set on the sixth floor of a well-maintained security building, this semi-sized…",domain.com.au,https://www.domain.com.au/17-64-penkivil-street-bondi-nsw-2026-2020690299,25/09/2026,
B033,Bondi,1/24-26 Imperial Avenue,Apartment,2,2,1,,,1920000,23/04/2026,Auction,Ray White Double Bay,,"Tucked away in a peaceful ground-floor position, this private garden apartment presents…",domain.com.au,https://www.domain.com.au/1-24-26-imperial-avenue-bondi-nsw-2026-2020714104,25/09/2026,Floor area 1270 m2 removed - impossible for an apartment (likely whole-building or data-entry error).
B034,Bondi,302/212 Bondi Road,Apartment,0,1,1,,,635000,21/04/2026,Private treaty,The Agency,,"Positioned in the heart of vibrant Bondi, this quiet, private third-floor studio…",domain.com.au,https://www.domain.com.au/302-212-bondi-road-bondi-nsw-2026-2020651938,25/09/2026,
C031,Chatswood,202A Fullers Road,House,4,2,1,359,157,2150000,26/05/2026,Auction,Chan Yahl,,"Nestled in a quiet leafy enclave in esteemed Chatswood, this north-facing beauty…",domain.com.au,https://www.domain.com.au/202a-fullers-road-chatswood-nsw-2067-2020803475,25/09/2026,
C032,Chatswood,178 Fullers Road,House,4,2,2,695.6,,2450000,06/05/2026,Private treaty,DiJones - Lindfield,,"Perfectly positioned in a quiet, leafy pocket of Chatswood, this timeless double-brick…",domain.com.au,https://www.domain.com.au/178-fullers-road-chatswood-nsw-2067-2020646320,25/09/2026,
